{
  "index.html": 1704347793821,
  "manifest.json": 1704348432282,
  "model/models.js": 1704347793821,
  "controller/View1.controller.js": 1704347793833,
  "controller/App.controller.js": 1704347793825,
  "Component.js": 1704347793821,
  "Component-preload.js": 1704348432422,
  "controller/View1-dbg.controller.js": 1704347793833,
  "model/models-dbg.js": 1704347793821,
  "controller/App-dbg.controller.js": 1704347793825,
  "Component-dbg.js": 1704347793821,
  "view/View1.view.xml": 1704347793833,
  "view/App.view.xml": 1704347793829,
  "css/style.css": 1704347793829,
  "i18n/i18n.properties": 1704347793821
}